url	status	loc	lsc1	ttfb1	lsc2	ttfb2	enc	size_enc	size_raw	ratio	cache_control	vary	etag
https://www.highcountrypainrelief.com/	200		miss	1.394216	hit	0.057981	br	33548	218440	0.154		Accept-Encoding,User-Agent	"424-1785448018;br"
https://www.highcountrypainrelief.com/new-patient-online-form/	200		miss	1.975152	hit	0.052471	br	26051	141205	0.184		Accept-Encoding,User-Agent	"425-1785448021;br"
https://www.highcountrypainrelief.com/knee-pain-lp/	200		miss	2.316696	hit	0.057588	br	23759	134331	0.177		Accept-Encoding,User-Agent	"426-1785448024;br"
https://www.highcountrypainrelief.com/describe-your-concern/	200		miss	2.271031	hit	0.061852	br	18147	94991	0.191		Accept-Encoding,User-Agent	"427-1785448027;br"
https://www.highcountrypainrelief.com/thank-you-form/	200		miss	1.725689	hit	0.061614	br	18189	96403	0.189		Accept-Encoding,User-Agent	"428-1785448029;br"
https://www.highcountrypainrelief.com/hako-med-therapy/	200		miss	1.400547	hit	0.053784	br	28788	148946	0.193		Accept-Encoding,User-Agent	"429-1785448031;br"
https://www.highcountrypainrelief.com/knee-pain/	200		miss	0.844971	hit	0.054476	br	27435	145802	0.188		Accept-Encoding,User-Agent	"430-1785448033;br"
https://www.highcountrypainrelief.com/special/	200		miss	2.277327	hit	0.057785	br	18533	98536	0.188		Accept-Encoding,User-Agent	"431-1785448036;br"
https://www.highcountrypainrelief.com/schedule-red-light-therapy/	200		miss	2.027620	hit	0.058200	br	18838	97752	0.193		Accept-Encoding,User-Agent	"432-1785448038;br"
https://www.highcountrypainrelief.com/accessibility/	200		miss	2.536925	hit	0.060862	br	18700	95820	0.195		Accept-Encoding,User-Agent	"433-1785448042;br"
https://www.highcountrypainrelief.com/healthcare-disclaimer/	200		miss	1.090642	hit	0.060134	br	17964	94271	0.191		Accept-Encoding,User-Agent	"434-1785448043;br"
https://www.highcountrypainrelief.com/neuropathy-signs-and-symptoms/	200		miss	1.017198	hit	0.059268	br	27549	146207	0.188		Accept-Encoding,User-Agent	"435-1785448045;br"
https://www.highcountrypainrelief.com/special-chronic-pain/	200		miss	2.102744	hit	0.056793	br	19868	102099	0.195		Accept-Encoding,User-Agent	"436-1785448048;br"
https://www.highcountrypainrelief.com/hipaa-privacy-policy/	200		miss	2.654058	hit	0.071713	br	24141	113669	0.212		Accept-Encoding,User-Agent	"437-1785448051;br"
https://www.highcountrypainrelief.com/terms-service/	200		miss	2.408392	hit	0.057477	br	19297	97701	0.198		Accept-Encoding,User-Agent	"438-1785448054;br"
https://www.highcountrypainrelief.com/insurance/	200		miss	1.307574	hit	0.054476	br	26559	143193	0.185		Accept-Encoding,User-Agent	"439-1785448056;br"
https://www.highcountrypainrelief.com/back-on-trac/	200		miss	0.788576	hit	0.054784	br	27757	147243	0.189		Accept-Encoding,User-Agent	"440-1785448058;br"
https://www.highcountrypainrelief.com/softwave-trt-othogold100/	200		miss	0.687242	hit	0.065963	br	29312	152826	0.192		Accept-Encoding,User-Agent	"441-1785448059;br"
https://www.highcountrypainrelief.com/pemf/	200		miss	0.679301	hit	0.057327	br	28772	149325	0.193		Accept-Encoding,User-Agent	"442-1785448061;br"
https://www.highcountrypainrelief.com/genetic-nutritional-testing/	200		miss	0.805261	hit	0.071768	br	28464	149506	0.190		Accept-Encoding,User-Agent	"443-1785448062;br"
https://www.highcountrypainrelief.com/new-patient-red-light-therapy-intake-form/	200		miss	0.820236	hit	0.052865	br	26060	141610	0.184		Accept-Encoding,User-Agent	"444-1785448064;br"
https://www.highcountrypainrelief.com/faq-about-chronic-pain-city/	200		miss	0.703487	hit	0.051717	br	31570	174796	0.181		Accept-Encoding,User-Agent	"445-1785448065;br"
https://www.highcountrypainrelief.com/review-us/	200		miss	0.647856	hit	0.062222	br	18181	96183	0.189		Accept-Encoding,User-Agent	"446-1785448066;br"
https://www.highcountrypainrelief.com/pain-management-center/	200		miss	2.460261	hit	0.054851	br	27049	145065	0.186		Accept-Encoding,User-Agent	"447-1785448070;br"
https://www.highcountrypainrelief.com/orthotics/	200		miss	0.741312	hit	0.058113	br	26770	143847	0.186		Accept-Encoding,User-Agent	"448-1785448071;br"
https://www.highcountrypainrelief.com/privacy-policy/	200		miss	0.801507	hit	0.073067	br	19805	98797	0.200		Accept-Encoding,User-Agent	"449-1785448073;br"
https://www.highcountrypainrelief.com/shoulder-pain/	200		miss	0.979135	hit	0.061024	br	27544	146113	0.189		Accept-Encoding,User-Agent	"450-1785448074;br"
https://www.highcountrypainrelief.com/back-pain-facts/	200		miss	0.684973	hit	0.060118	br	28361	147770	0.192		Accept-Encoding,User-Agent	"451-1785448076;br"
https://www.highcountrypainrelief.com/good-faith-estimate/	200		miss	0.562396	hit	0.053274	br	18301	94803	0.193		Accept-Encoding,User-Agent	"452-1785448077;br"
https://www.highcountrypainrelief.com/anti-discrimination/	200		miss	1.672303	hit	0.061954	br	18495	95636	0.193		Accept-Encoding,User-Agent	"453-1785448079;br"
https://www.highcountrypainrelief.com/tennis-elbow/	200		miss	0.712397	hit	0.069753	br	27542	146001	0.189		Accept-Encoding,User-Agent	"454-1785448081;br"
https://www.highcountrypainrelief.com/sciatica/	200		miss	0.654987	hit	0.060875	br	27531	145730	0.189		Accept-Encoding,User-Agent	"455-1785448082;br"
https://www.highcountrypainrelief.com/erchonia-therapy/	200		miss	0.697963	hit	0.060784	br	27568	146288	0.188		Accept-Encoding,User-Agent	"456-1785448084;br"
https://www.highcountrypainrelief.com/sports-injury-rehab/	200		miss	0.731952	hit	0.060894	br	28344	147881	0.192		Accept-Encoding,User-Agent	"457-1785448085;br"
https://www.highcountrypainrelief.com/neuropathy-center-lp/	200		miss	1.325953	hit	0.056071	br	24947	138452	0.180		Accept-Encoding,User-Agent	"458-1785448087;br"
https://www.highcountrypainrelief.com/contact-us/	200		miss	0.695693	hit	0.058331	br	26679	143628	0.186		Accept-Encoding,User-Agent	"459-1785448089;br"
https://www.highcountrypainrelief.com/ai-generated-content-disclaimer/	200		miss	0.406157	hit	0.060380	br	18198	94637	0.192		Accept-Encoding,User-Agent	"460-1785448090;br"
https://www.highcountrypainrelief.com/shockwave-therapy/	200		miss	0.870476	hit	0.064566	br	28254	146679	0.193		Accept-Encoding,User-Agent	"461-1785448091;br"
https://www.highcountrypainrelief.com/chiropractic-care/	200		miss	0.633660	hit	0.056658	br	28059	146987	0.191		Accept-Encoding,User-Agent	"462-1785448093;br"
https://www.highcountrypainrelief.com/us/	200		miss	0.591350	hit	0.060814	br	27895	145691	0.191		Accept-Encoding,User-Agent	"463-1785448094;br"
https://www.highcountrypainrelief.com/new-patient-paperwork/	200		miss	0.960796	hit	0.056368	br	26298	142998	0.184		Accept-Encoding,User-Agent	"464-1785448096;br"
https://www.highcountrypainrelief.com/office-tour/	200		miss	1.107325	hit	0.062929	br	17870	94323	0.189		Accept-Encoding,User-Agent	"465-1785448097;br"
https://www.highcountrypainrelief.com/red-light-therapy/	200		miss	0.543407	hit	0.055311	br	31132	158056	0.197		Accept-Encoding,User-Agent	"466-1785448099;br"
https://www.highcountrypainrelief.com/testimonials/	200		miss	0.665079	hit	0.058531	br	33105	224492	0.147		Accept-Encoding,User-Agent	"467-1785448100;br"
